{
  "rule_based_f1": 0.42,
  "bilstm_crf_f1": 0.6932559775866213,
  "bert_ablation": [
    {
      "fraction": 0.25,
      "bert_f1": 0.6163282428115312
    },
    {
      "fraction": 0.5,
      "bert_f1": 0.6903254173731161
    },
    {
      "fraction": 0.75,
      "bert_f1": 0.7745550228621035
    },
    {
      "fraction": 1.0,
      "bert_f1": 0.8449777646377595
    }
  ]
}