{
  "macro_f1": 0.23444293284014686,
  "per_class": {
    "positive": 0.2806603773584906,
    "neutral": 0.32754081095313325,
    "negative": 0.0951276102088167
  },
  "coverage": 0.13020544142143253
}